division,combined,n_combined,forced_splits,forced_attach,K_national,K_WH,K_FI,wifi_usdM
New England,CT+MA+ME+NH+RI+VT,6,0,0,"(0, 0)","(0, 0)","(0, 0)",2302
Middle Atlantic,none,0,3,6,"(3, 3)","(2, 2)","(4, 5)",0
Middle Atlantic,NJ+NY+PA,3,0,0,"(0, 0)","(0, 0)","(0, 0)",9540
East North Central,IL,1,1,11,"(1, 1)","(1, 1)","(3, 3)",1682
East North Central,IN+OH,2,0,9,"(1, 1)","(1, 1)","(2, 2)",2747
East North Central,OH+WI,2,0,9,"(1, 1)","(1, 1)","(2, 2)",2659
East North Central,IN+MI+WI,3,1,5,"(1, 1)","(1, 1)","(2, 2)",2897
East North Central,IL+IN+MI+OH+WI,5,0,0,"(0, 0)","(0, 0)","(0, 0)",6491
West North Central,IA+KS+MN+MO+ND+NE+SD,7,0,0,"(0, 0)","(0, 0)","(0, 0)",2443
South Atlantic,none,0,1,23,"(3, 3)","(3, 3)","(5, 5)",0
South Atlantic,DC+GA,2,1,17,"(2, 2)","(2, 2)","(4, 4)",1501
South Atlantic,DC+VA,2,1,17,"(2, 2)","(2, 2)","(4, 4)",1484
South Atlantic,GA+MD,2,1,17,"(2, 2)","(2, 2)","(4, 4)",2203
South Atlantic,GA+VA,2,1,17,"(2, 2)","(2, 2)","(4, 4)",2303
South Atlantic,MD+SC,2,1,17,"(2, 2)","(2, 2)","(4, 4)",1731
South Atlantic,MD+VA,2,1,17,"(2, 2)","(2, 2)","(4, 4)",2186
South Atlantic,DC+NC,2,1,18,"(2, 2)","(2, 2)","(4, 4)",2055
South Atlantic,DE+NC,2,1,18,"(2, 2)","(2, 2)","(4, 4)",1918
South Atlantic,GA+NC,2,1,18,"(2, 2)","(2, 2)","(3, 3)",2874
South Atlantic,MD+NC,2,1,18,"(2, 2)","(2, 2)","(4, 4)",2757
South Atlantic,NC+SC,2,1,18,"(2, 2)","(2, 2)","(4, 4)",2402
South Atlantic,NC+VA,2,1,18,"(2, 2)","(2, 2)","(3, 4)",2857
South Atlantic,DC+FL+NC,3,0,18,"(1, 1)","(1, 1)","(2, 2)",5881
South Atlantic,DC+DE+GA,3,1,14,"(2, 2)","(2, 2)","(4, 4)",1705
South Atlantic,DC+DE+VA,3,1,14,"(2, 2)","(2, 2)","(4, 4)",1688
South Atlantic,DC+GA+MD,3,1,14,"(2, 2)","(2, 2)","(4, 4)",2544
South Atlantic,DC+GA+SC,3,1,14,"(2, 2)","(2, 2)","(4, 4)",2189
South Atlantic,DC+GA+VA,3,1,14,"(2, 2)","(2, 2)","(4, 4)",2644
South Atlantic,DC+GA+WV,3,1,14,"(2, 2)","(2, 2)","(4, 4)",1695
South Atlantic,DC+MD+SC,3,1,14,"(2, 2)","(2, 2)","(4, 4)",2072
South Atlantic,DC+MD+VA,3,1,14,"(2, 2)","(2, 2)","(4, 4)",2527
South Atlantic,DC+SC+VA,3,1,14,"(2, 2)","(2, 2)","(4, 4)",2172
South Atlantic,DC+VA+WV,3,1,14,"(2, 2)","(2, 2)","(4, 4)",1678
South Atlantic,DE+GA+MD,3,1,14,"(2, 2)","(2, 2)","(4, 4)",2407
South Atlantic,DE+GA+VA,3,1,14,"(2, 2)","(2, 2)","(4, 4)",2507
South Atlantic,DE+MD+SC,3,1,14,"(2, 2)","(2, 2)","(4, 4)",1935
South Atlantic,DE+MD+VA,3,1,14,"(2, 2)","(2, 2)","(4, 4)",2390
South Atlantic,GA+MD+SC,3,1,14,"(2, 2)","(2, 2)","(3, 3)",2891
South Atlantic,GA+MD+VA,3,1,14,"(2, 2)","(2, 2)","(3, 3)",3346
South Atlantic,GA+MD+WV,3,1,14,"(2, 2)","(2, 2)","(4, 4)",2397
South Atlantic,GA+SC+VA,3,1,14,"(2, 2)","(2, 2)","(3, 3)",2991
South Atlantic,GA+VA+WV,3,1,14,"(2, 2)","(2, 2)","(4, 4)",2497
South Atlantic,MD+SC+VA,3,1,14,"(2, 2)","(2, 2)","(3, 3)",2874
South Atlantic,MD+SC+WV,3,1,14,"(2, 2)","(2, 2)","(4, 4)",1925
South Atlantic,MD+VA+WV,3,1,14,"(2, 2)","(2, 2)","(4, 4)",2380
South Atlantic,DC+DE+NC,3,1,15,"(2, 2)","(2, 2)","(4, 4)",2259
South Atlantic,DC+GA+NC,3,1,15,"(2, 2)","(2, 2)","(3, 3)",3215
South Atlantic,DC+MD+NC,3,1,15,"(2, 2)","(2, 2)","(4, 4)",3098
South Atlantic,DC+NC+SC,3,1,15,"(2, 2)","(2, 2)","(4, 4)",2743
South Atlantic,DC+NC+VA,3,1,15,"(2, 2)","(2, 2)","(3, 3)",3198
South Atlantic,DC+NC+WV,3,1,15,"(2, 2)","(2, 2)","(4, 4)",2249
South Atlantic,DE+GA+NC,3,1,15,"(2, 2)","(2, 2)","(3, 3)",3078
South Atlantic,DE+MD+NC,3,1,15,"(2, 2)","(2, 2)","(3, 3)",2961
South Atlantic,DE+NC+SC,3,1,15,"(2, 2)","(2, 2)","(3, 4)",2606
South Atlantic,DE+NC+VA,3,1,15,"(2, 2)","(2, 2)","(3, 3)",3061
South Atlantic,DE+NC+WV,3,1,15,"(2, 2)","(2, 2)","(4, 4)",2112
South Atlantic,GA+NC+SC,3,1,15,"(2, 2)","(2, 2)","(3, 3)",3562
South Atlantic,GA+NC+WV,3,1,15,"(2, 2)","(2, 2)","(3, 3)",3068
South Atlantic,MD+NC+SC,3,1,15,"(2, 2)","(2, 2)","(3, 3)",3445
South Atlantic,MD+NC+WV,3,1,15,"(2, 2)","(2, 2)","(3, 3)",2951
South Atlantic,NC+SC+WV,3,1,15,"(2, 2)","(2, 2)","(3, 3)",2596
South Atlantic,NC+VA+WV,3,1,15,"(2, 2)","(2, 2)","(3, 3)",3051
South Atlantic,DC+FL+GA+MD,4,0,14,"(1, 1)","(1, 1)","(2, 2)",6370
South Atlantic,DC+FL+GA+SC,4,0,14,"(1, 1)","(1, 1)","(2, 2)",6015
South Atlantic,DC+FL+MD+SC,4,0,14,"(1, 1)","(1, 1)","(2, 2)",5898
South Atlantic,DC+FL+MD+VA,4,0,14,"(1, 1)","(1, 1)","(2, 2)",6353
South Atlantic,DE+FL+GA+MD,4,0,14,"(1, 1)","(1, 1)","(2, 2)",6233
South Atlantic,DE+FL+MD+VA,4,0,14,"(1, 1)","(1, 1)","(2, 2)",6216
South Atlantic,FL+GA+MD+WV,4,0,14,"(1, 1)","(1, 1)","(2, 2)",6223
South Atlantic,FL+MD+VA+WV,4,0,14,"(1, 1)","(1, 1)","(2, 2)",6206
South Atlantic,DC+DE+FL+NC,4,0,15,"(1, 1)","(1, 1)","(2, 2)",6085
South Atlantic,DC+FL+NC+SC,4,0,15,"(1, 1)","(1, 1)","(2, 2)",6569
South Atlantic,DC+FL+NC+WV,4,0,15,"(1, 1)","(1, 1)","(2, 2)",6075
South Atlantic,DC+DE+GA+MD,4,1,11,"(2, 2)","(2, 2)","(4, 4)",2748
South Atlantic,DC+DE+GA+SC,4,1,11,"(2, 2)","(2, 2)","(4, 4)",2393
South Atlantic,DC+DE+GA+VA,4,1,11,"(2, 2)","(2, 2)","(4, 4)",2848
South Atlantic,DC+DE+GA+WV,4,1,11,"(2, 2)","(2, 2)","(4, 4)",1899
South Atlantic,DC+DE+MD+SC,4,1,11,"(2, 2)","(2, 2)","(4, 4)",2276
South Atlantic,DC+DE+MD+VA,4,1,11,"(2, 2)","(2, 2)","(4, 4)",2731
South Atlantic,DC+DE+MD+WV,4,1,11,"(2, 2)","(2, 2)","(4, 4)",1782
South Atlantic,DC+DE+SC+VA,4,1,11,"(2, 2)","(2, 2)","(4, 4)",2376
South Atlantic,DC+DE+VA+WV,4,1,11,"(2, 2)","(2, 2)","(4, 4)",1882
South Atlantic,DC+GA+MD+SC,4,1,11,"(2, 2)","(2, 2)","(3, 3)",3232
South Atlantic,DC+GA+MD+WV,4,1,11,"(2, 2)","(2, 2)","(4, 4)",2738
South Atlantic,DC+GA+SC+VA,4,1,11,"(2, 2)","(2, 2)","(3, 3)",3332
South Atlantic,DC+GA+SC+WV,4,1,11,"(2, 2)","(2, 2)","(4, 4)",2383
South Atlantic,DC+GA+VA+WV,4,1,11,"(2, 2)","(2, 2)","(4, 4)",2838
South Atlantic,DC+MD+SC+VA,4,1,11,"(2, 2)","(2, 2)","(3, 3)",3215
South Atlantic,DC+MD+SC+WV,4,1,11,"(2, 2)","(2, 2)","(4, 4)",2266
South Atlantic,DC+MD+VA+WV,4,1,11,"(2, 2)","(2, 2)","(4, 4)",2721
South Atlantic,DC+SC+VA+WV,4,1,11,"(2, 2)","(2, 2)","(4, 4)",2366
South Atlantic,DE+GA+MD+SC,4,1,11,"(2, 2)","(2, 2)","(3, 3)",3095
South Atlantic,DE+GA+MD+VA,4,1,11,"(2, 2)","(2, 2)","(3, 3)",3550
South Atlantic,DE+GA+MD+WV,4,1,11,"(2, 2)","(2, 2)","(4, 4)",2601
South Atlantic,DE+GA+SC+VA,4,1,11,"(2, 2)","(2, 2)","(3, 3)",3195
South Atlantic,DE+GA+SC+WV,4,1,11,"(2, 2)","(2, 2)","(4, 4)",2246
South Atlantic,DE+GA+VA+WV,4,1,11,"(2, 2)","(2, 2)","(3, 4)",2701
South Atlantic,DE+MD+SC+VA,4,1,11,"(2, 2)","(2, 2)","(3, 3)",3078
South Atlantic,DE+MD+SC+WV,4,1,11,"(2, 2)","(2, 2)","(4, 4)",2129
South Atlantic,DE+MD+VA+WV,4,1,11,"(2, 2)","(2, 2)","(4, 4)",2584
South Atlantic,DE+SC+VA+WV,4,1,11,"(2, 2)","(2, 2)","(4, 4)",2229
South Atlantic,GA+MD+SC+WV,4,1,11,"(2, 2)","(2, 2)","(3, 3)",3085
South Atlantic,GA+MD+VA+WV,4,1,11,"(2, 2)","(2, 2)","(3, 3)",3540
South Atlantic,GA+SC+VA+WV,4,1,11,"(2, 2)","(2, 2)","(3, 3)",3185
South Atlantic,MD+SC+VA+WV,4,1,11,"(2, 2)","(2, 2)","(3, 3)",3068
South Atlantic,DC+DE+GA+NC,4,1,12,"(2, 2)","(2, 2)","(3, 3)",3419
South Atlantic,DC+DE+NC+SC,4,1,12,"(2, 2)","(2, 2)","(3, 3)",2947
South Atlantic,DC+DE+NC+VA,4,1,12,"(2, 2)","(2, 2)","(3, 3)",3402
South Atlantic,DC+DE+NC+WV,4,1,12,"(2, 2)","(2, 2)","(4, 4)",2453
South Atlantic,DC+GA+NC+WV,4,1,12,"(2, 2)","(2, 2)","(3, 3)",3409
South Atlantic,DC+NC+SC+WV,4,1,12,"(2, 2)","(2, 2)","(3, 3)",2937
South Atlantic,DC+NC+VA+WV,4,1,12,"(2, 2)","(2, 2)","(3, 3)",3392
South Atlantic,DE+GA+NC+WV,4,1,12,"(2, 2)","(2, 2)","(3, 3)",3272
South Atlantic,DE+MD+NC+SC,4,1,12,"(2, 2)","(2, 2)","(3, 3)",3649
South Atlantic,DE+MD+NC+WV,4,1,12,"(2, 2)","(2, 2)","(3, 3)",3155
South Atlantic,DE+NC+SC+WV,4,1,12,"(2, 2)","(2, 2)","(3, 3)",2800
South Atlantic,DE+NC+VA+WV,4,1,12,"(2, 2)","(2, 2)","(3, 3)",3255
South Atlantic,MD+NC+SC+WV,4,1,12,"(2, 2)","(2, 2)","(3, 3)",3639
South Atlantic,DC+DE+FL+GA+SC,5,0,11,"(1, 1)","(1, 1)","(2, 2)",6219
South Atlantic,DC+DE+FL+MD+SC,5,0,11,"(1, 1)","(1, 1)","(2, 2)",6102
South Atlantic,DC+DE+FL+SC+VA,5,0,11,"(1, 1)","(1, 1)","(2, 2)",6202
South Atlantic,DC+FL+GA+MD+WV,5,0,11,"(1, 1)","(1, 1)","(2, 2)",6564
South Atlantic,DC+FL+GA+SC+WV,5,0,11,"(1, 1)","(1, 1)","(2, 2)",6209
South Atlantic,DC+FL+MD+SC+WV,5,0,11,"(1, 1)","(1, 1)","(2, 2)",6092
South Atlantic,DC+FL+MD+VA+WV,5,0,11,"(1, 1)","(1, 1)","(2, 2)",6547
South Atlantic,DC+FL+SC+VA+WV,5,0,11,"(1, 1)","(1, 1)","(2, 2)",6192
South Atlantic,DE+FL+GA+MD+WV,5,0,11,"(1, 1)","(1, 1)","(2, 2)",6427
South Atlantic,DE+FL+MD+VA+WV,5,0,11,"(1, 1)","(1, 1)","(2, 2)",6410
South Atlantic,DC+DE+FL+NC+SC,5,0,12,"(1, 1)","(1, 1)","(2, 2)",6773
South Atlantic,DC+DE+FL+NC+WV,5,0,12,"(1, 1)","(1, 1)","(2, 2)",6279
South Atlantic,DC+DE+GA+MD+WV,5,1,8,"(2, 2)","(2, 2)","(4, 4)",2942
South Atlantic,DC+DE+GA+SC+VA,5,1,8,"(2, 2)","(2, 2)","(3, 3)",3536
South Atlantic,DC+DE+GA+SC+WV,5,1,8,"(2, 2)","(2, 2)","(4, 4)",2587
South Atlantic,DC+DE+GA+VA+WV,5,1,8,"(2, 2)","(2, 2)","(3, 4)",3042
South Atlantic,DC+DE+MD+SC+WV,5,1,8,"(2, 2)","(2, 2)","(4, 4)",2470
South Atlantic,DC+DE+MD+VA+WV,5,1,8,"(2, 2)","(2, 2)","(4, 4)",2925
South Atlantic,DC+DE+SC+VA+WV,5,1,8,"(2, 2)","(2, 2)","(4, 4)",2570
South Atlantic,DC+GA+SC+VA+WV,5,1,8,"(2, 2)","(2, 2)","(3, 3)",3526
South Atlantic,DE+GA+MD+SC+WV,5,1,8,"(2, 2)","(2, 2)","(3, 3)",3289
South Atlantic,DE+GA+SC+VA+WV,5,1,8,"(2, 2)","(2, 2)","(3, 3)",3389
South Atlantic,DE+MD+SC+VA+WV,5,1,8,"(2, 2)","(2, 2)","(3, 3)",3272
South Atlantic,DC+DE+GA+NC+WV,5,1,9,"(2, 2)","(2, 2)","(3, 3)",3613
South Atlantic,DC+DE+NC+SC+WV,5,1,9,"(2, 2)","(2, 2)","(3, 3)",3141
South Atlantic,DC+DE+NC+VA+WV,5,1,9,"(2, 2)","(2, 2)","(3, 3)",3596
South Atlantic,DE+MD+NC+SC+WV,5,1,9,"(2, 2)","(2, 2)","(3, 3)",3843
South Atlantic,DC+DE+FL+GA+SC+WV,6,0,8,"(1, 1)","(1, 1)","(2, 2)",6413
South Atlantic,DC+DE+FL+MD+SC+WV,6,0,8,"(1, 1)","(1, 1)","(2, 2)",6296
South Atlantic,DC+DE+FL+SC+VA+WV,6,0,8,"(1, 1)","(1, 1)","(2, 2)",6396
South Atlantic,DC+DE+GA+SC+VA+WV,6,1,5,"(2, 2)","(2, 2)","(3, 3)",3730
South Atlantic,DC+GA+MD+NC+SC+VA,6,1,6,"(1, 1)","(1, 1)","(2, 2)",6089
South Atlantic,DC+DE+GA+MD+NC+SC+VA,7,1,3,"(1, 1)","(1, 1)","(2, 2)",6293
South Atlantic,DC+GA+MD+NC+SC+VA+WV,7,1,3,"(1, 1)","(1, 1)","(2, 2)",6283
South Atlantic,DC+DE+FL+GA+MD+NC+SC+VA+WV,9,0,0,"(0, 0)","(0, 0)","(0, 0)",10313
East South Central,AL+KY+MS+TN,4,0,0,"(0, 0)","(0, 0)","(0, 0)",2547
West South Central,AR+LA+OK+TX,4,0,0,"(0, 0)","(0, 0)","(0, 0)",4754
Mountain,AZ+CO+ID+MT+NM+NV+UT+WY,8,0,0,"(0, 0)","(0, 0)","(0, 0)",2812
Pacific,CA+OR+WA,3,0,0,"(0, 0)","(0, 0)","(0, 0)",7705
