channel,division,states,usdM,units,kmin,kmax,over_U,under_L
national,Middle Atlantic,3,3307,2.65,3,3,"NY 1,756",NJ PA
national,East North Central,5,1848,1.48,2,1,,IL MI OH IN WI
national,West North Central,3,412,0.33,1,0,,MN MO IA
national,South Atlantic,9,3208,2.57,3,3,,NC VA GA MD SC DC WV DE
national,East South Central,4,337,0.27,1,0,,KY AL TN MS
national,West South Central,3,2204,1.76,2,2,"TX 1,971",LA AR
national,Mountain,4,1249,1.0,1,1,,AZ CO UT NV
national,Pacific,3,4329,3.46,4,4,"CA 4,026",WA OR
WH,Middle Atlantic,3,2174,2.17,2,2,,PA NJ NY
WH,East North Central,5,1536,1.54,2,1,,IL OH MI WI IN
WH,West North Central,3,458,0.46,1,0,,MN MO IA
WH,South Atlantic,9,2764,2.76,3,3,,NC MD DC GA VA SC DE WV
WH,East South Central,4,477,0.48,1,0,,KY TN AL MS
WH,West South Central,3,948,0.95,1,1,,TX LA AR
WH,Mountain,4,470,0.47,1,0,,CO AZ NV UT
WH,Pacific,3,1311,1.31,2,1,"CA 1,177",WA OR
FI,Middle Atlantic,3,4060,4.51,4,5,"NY 1,874, PA 1,528",NJ
FI,East North Central,5,3106,3.45,4,4,"OH 1,076",IL MI IN WI
FI,West North Central,3,981,1.09,1,1,,MN MO IA
FI,South Atlantic,9,4341,4.82,5,5,"FL 1,489",GA VA MD SC WV DE DC
FI,East South Central,4,1733,1.93,2,2,,AL KY MS
FI,West South Central,3,1419,1.58,2,1,,LA AR
FI,Mountain,4,799,0.89,1,1,,CO UT AZ NV
FI,Pacific,3,2065,2.29,2,2,"CA 1,624",WA OR
IFA,New England,6,4835,3.87,4,4,"MA 1,922, CT 1,670",NH RI VT ME
IFA,Middle Atlantic,3,13142,10.51,10,13,"NY 5,470, PA 4,120, NJ 3,552",
IFA,East North Central,5,10932,8.75,8,10,"MI 3,292, OH 2,734, IL 2,133, WI 1,474",
IFA,West North Central,7,4823,3.86,4,4,"MN 1,490",MO IA KS NE ND SD
IFA,South Atlantic,9,11027,8.82,8,11,"FL 4,366, MD 1,507",SC DE WV DC
IFA,East South Central,4,2347,1.88,2,2,,TN KY AL MS
IFA,West South Central,4,4795,3.84,4,4,"TX 3,515",LA OK AR
IFA,Mountain,8,3382,2.71,3,3,,UT NV ID NM MT WY
IFA,Pacific,3,6049,4.84,5,6,"CA 5,078",WA OR
