state,fi,national_chase,wells_fi,wells_wh,wh
AL,390.0,1.0,65.0,45.0,89.0
AR,238.0,8.0,0.0,34.0,36.0
AZ,178.0,282.0,136.0,117.0,151.0
CA,1624.0,2220.0,1276.0,530.0,1177.0
CO,340.0,122.0,100.0,112.0,203.0
CT,394.0,72.0,60.0,45.0,276.0
DC,34.0,4.0,22.0,14.0,267.0
DE,101.0,13.0,6.0,8.0,76.0
FL,1489.0,466.0,507.0,398.0,966.0
GA,530.0,74.0,205.0,96.0,255.0
IA,116.0,0.0,15.0,36.0,60.0
ID,37.0,21.0,32.0,11.0,33.0
IL,574.0,519.0,5.0,141.0,443.0
IN,488.0,152.0,0.0,55.0,140.0
KS,92.0,3.0,1.0,28.0,90.0
KY,281.0,104.0,0.0,26.0,181.0
LA,281.0,127.0,0.0,64.0,204.0
MA,467.0,50.0,5.0,45.0,266.0
MD,412.0,24.0,73.0,152.0,382.0
ME,80.0,2.0,0.0,2.0,30.0
MI,532.0,350.0,0.0,108.0,325.0
MN,443.0,6.0,129.0,64.0,258.0
MO,422.0,9.0,4.0,149.0,141.0
MS,164.0,1.0,0.0,18.0,35.0
MT,18.0,1.0,2.0,3.0,26.0
NC,768.0,13.0,261.0,271.0,401.0
ND,79.0,1.0,25.0,16.0,26.0
NE,47.0,3.0,4.0,39.0,33.0
NH,120.0,6.0,1.0,41.0,47.0
NJ,658.0,397.0,372.0,248.0,729.0
NM,27.0,2.0,18.0,10.0,34.0
NV,63.0,65.0,54.0,45.0,73.0
NY,1874.0,1481.0,24.0,250.0,684.0
OH,1076.0,251.0,0.0,151.0,434.0
OK,106.0,20.0,0.0,12.0,48.0
OR,121.0,20.0,25.0,12.0,32.0
PA,1528.0,56.0,257.0,221.0,761.0
RI,163.0,7.0,0.0,13.0,41.0
SC,396.0,9.0,108.0,46.0,129.0
SD,48.0,3.0,4.0,23.0,26.0
TN,899.0,6.0,13.0,57.0,172.0
TX,899.0,1267.0,356.0,347.0,707.0
UT,219.0,60.0,82.0,74.0,43.0
VA,486.0,16.0,279.0,115.0,247.0
VT,45.0,1.0,0.0,3.0,20.0
WA,320.0,125.0,79.0,42.0,102.0
WI,436.0,37.0,11.0,69.0,194.0
WV,123.0,23.0,0.0,8.0,40.0
WY,8.0,1.0,2.0,0.0,7.0
